[
  {
    "model": "disturbance.questionoption",
    "pk": 1,
    "fields": {
      "label": "Yes",
      "value": ""
    }
  },
  {
    "model": "disturbance.questionoption",
    "pk": 2,
    "fields": {
      "label": "No",
      "value": ""
    }
  },
  {
    "model": "disturbance.questionoption",
    "pk": 3,
    "fields": {
      "label": "Red",
      "value": ""
    }
  },
  {
    "model": "disturbance.questionoption",
    "pk": 4,
    "fields": {
      "label": "Blue",
      "value": ""
    }
  },
  {
    "model": "disturbance.questionoption",
    "pk": 5,
    "fields": {
      "label": "Green",
      "value": ""
    }
  },
  {
    "model": "disturbance.questionoption",
    "pk": 6,
    "fields": {
      "label": "multi 1",
      "value": ""
    }
  },
  {
    "model": "disturbance.questionoption",
    "pk": 7,
    "fields": {
      "label": "multi 2",
      "value": ""
    }
  },
  {
    "model": "disturbance.questionoption",
    "pk": 8,
    "fields": {
      "label": "multi 3",
      "value": ""
    }
  },
  {
    "model": "disturbance.questionoption",
    "pk": 9,
    "fields": {
      "label": "multi 4",
      "value": ""
    }
  },
  {
    "model": "disturbance.questionoption",
    "pk": 11,
    "fields": {
      "label": "Check 2",
      "value": ""
    }
  },
  {
    "model": "disturbance.questionoption",
    "pk": 12,
    "fields": {
      "label": "Check 1",
      "value": ""
    }
  },
  {
    "model": "disturbance.questionoption",
    "pk": 13,
    "fields": {
      "label": "Check 3",
      "value": ""
    }
  },
  {
    "model": "disturbance.questionoption",
    "pk": 14,
    "fields": {
      "label": "",
      "value": ""
    }
  },
  {
    "model": "disturbance.questionoption",
    "pk": 15,
    "fields": {
      "label": "red",
      "value": "14"
    }
  },
  {
    "model": "disturbance.questionoption",
    "pk": 16,
    "fields": {
      "label": "blue",
      "value": ""
    }
  },
  {
    "model": "disturbance.questionoption",
    "pk": 17,
    "fields": {
      "label": "1",
      "value": "14"
    }
  },
  {
    "model": "disturbance.questionoption",
    "pk": 18,
    "fields": {
      "label": "2",
      "value": ""
    }
  },
  {
    "model": "disturbance.questionoption",
    "pk": 19,
    "fields": {
      "label": "National Park",
      "value": ""
    }
  },
  {
    "model": "disturbance.questionoption",
    "pk": 20,
    "fields": {
      "label": "Nature Reserve",
      "value": ""
    }
  },
  {
    "model": "disturbance.questionoption",
    "pk": 21,
    "fields": {
      "label": "Conservation Park",
      "value": ""
    }
  },
  {
    "model": "disturbance.questionoption",
    "pk": 22,
    "fields": {
      "label": "State Forest",
      "value": ""
    }
  },
  {
    "model": "disturbance.questionoption",
    "pk": 23,
    "fields": {
      "label": "Timber Reserve",
      "value": ""
    }
  },
  {
    "model": "disturbance.questionoption",
    "pk": 24,
    "fields": {
      "label": "Other CALM Act Reserves e.g. 5(1) (g) or 5(1) (h)",
      "value": ""
    }
  },
  {
    "model": "disturbance.questionoption",
    "pk": 25,
    "fields": {
      "label": "Regional Park",
      "value": ""
    }
  },
  {
    "model": "disturbance.questionoption",
    "pk": 26,
    "fields": {
      "label": "Marine Park",
      "value": ""
    }
  },
  {
    "model": "disturbance.questionoption",
    "pk": 27,
    "fields": {
      "label": "Marine Nature Reserve",
      "value": ""
    }
  },
  {
    "model": "disturbance.questionoption",
    "pk": 28,
    "fields": {
      "label": "Marine Management Area",
      "value": ""
    }
  },
  {
    "model": "disturbance.questionoption",
    "pk": 29,
    "fields": {
      "label": "Non-CALM Act Crown Reserve (inc. UCL/UMR)",
      "value": ""
    }
  },
  {
    "model": "disturbance.questionoption",
    "pk": 30,
    "fields": {
      "label": "CALM Executive Body freehold (e.g. South West plantation lands)",
      "value": ""
    }
  },
  {
    "model": "disturbance.questionoption",
    "pk": 31,
    "fields": {
      "label": "Crown owned freehold (land owned by WAPC and managed by Parks and Wildlife Service)",
      "value": ""
    }
  },
  {
    "model": "disturbance.questionoption",
    "pk": 32,
    "fields": {
      "label": "FPC managed plantation (profit a prendre)",
      "value": ""
    }
  },
  {
    "model": "disturbance.questionoption",
    "pk": 33,
    "fields": {
      "label": "Other",
      "value": ""
    }
  },
  {
    "model": "disturbance.masterlistquestion",
    "pk": 1,
    "fields": {
      "name": "",
      "question": "Master list question 1",
      "answer_type": "number",
      "help_text_url": false,
      "help_text_assessor_url": false,
      "help_text": null,
      "help_text_assessor": null,
      "property_cache": {},
      "option": []
    }
  },
  {
    "model": "disturbance.masterlistquestion",
    "pk": 2,
    "fields": {
      "name": "",
      "question": "Master list question 2",
      "answer_type": "radiobuttons",
      "help_text_url": false,
      "help_text_assessor_url": false,
      "help_text": null,
      "help_text_assessor": null,
      "property_cache": {},
      "option": [
        1,
        2
      ]
    }
  },
  {
    "model": "disturbance.masterlistquestion",
    "pk": 3,
    "fields": {
      "name": "",
      "question": "Master list question 3",
      "answer_type": "label",
      "help_text_url": false,
      "help_text_assessor_url": false,
      "help_text": null,
      "help_text_assessor": null,
      "property_cache": {},
      "option": []
    }
  },
  {
    "model": "disturbance.masterlistquestion",
    "pk": 4,
    "fields": {
      "name": "",
      "question": "Master list question 4",
      "answer_type": "date",
      "help_text_url": false,
      "help_text_assessor_url": false,
      "help_text": null,
      "help_text_assessor": null,
      "property_cache": {},
      "option": []
    }
  },
  {
    "model": "disturbance.masterlistquestion",
    "pk": 5,
    "fields": {
      "name": "",
      "question": "Master list question 5",
      "answer_type": "select",
      "help_text_url": false,
      "help_text_assessor_url": false,
      "help_text": null,
      "help_text_assessor": null,
      "property_cache": {},
      "option": [
        3,
        4,
        5
      ]
    }
  },
  {
    "model": "disturbance.masterlistquestion",
    "pk": 6,
    "fields": {
      "name": "",
      "question": "Master list question 6",
      "answer_type": "multi-select",
      "help_text_url": false,
      "help_text_assessor_url": false,
      "help_text": null,
      "help_text_assessor": null,
      "property_cache": {},
      "option": [
        8,
        9,
        6,
        7
      ]
    }
  },
  {
    "model": "disturbance.masterlistquestion",
    "pk": 7,
    "fields": {
      "name": "",
      "question": "Master list question 7",
      "answer_type": "checkbox",
      "help_text_url": true,
      "help_text_assessor_url": false,
      "help_text": null,
      "help_text_assessor": null,
      "property_cache": {},
      "option": [
        11,
        12,
        13
      ]
    }
  },
  {
    "model": "disturbance.masterlistquestion",
    "pk": 8,
    "fields": {
      "name": "",
      "question": "Master list question 8",
      "answer_type": "text",
      "help_text_url": false,
      "help_text_assessor_url": false,
      "help_text": "",
      "help_text_assessor": "",
      "property_cache": {},
      "option": []
    }
  },
  {
    "model": "disturbance.masterlistquestion",
    "pk": 9,
    "fields": {
      "name": "",
      "question": "Master list question 9",
      "answer_type": "date",
      "help_text_url": false,
      "help_text_assessor_url": false,
      "help_text": "",
      "help_text_assessor": "",
      "property_cache": {},
      "option": []
    }
  },
  {
    "model": "disturbance.masterlistquestion",
    "pk": 10,
    "fields": {
      "name": "",
      "question": "Master list  question 10",
      "answer_type": "radiobuttons",
      "help_text_url": false,
      "help_text_assessor_url": false,
      "help_text": "",
      "help_text_assessor": "",
      "property_cache": {},
      "option": [
        8,
        9,
        6,
        7
      ]
    }
  },
  {
    "model": "disturbance.masterlistquestion",
    "pk": 11,
    "fields": {
      "name": "",
      "question": "Master list question 11",
      "answer_type": "radiobuttons",
      "help_text_url": false,
      "help_text_assessor_url": false,
      "help_text": "",
      "help_text_assessor": "",
      "property_cache": {},
      "option": [
        1,
        2
      ]
    }
  },
  {
    "model": "disturbance.masterlistquestion",
    "pk": 12,
    "fields": {
      "name": "",
      "question": "Masterlist question 12",
      "answer_type": "text",
      "help_text_url": false,
      "help_text_assessor_url": false,
      "help_text": "",
      "help_text_assessor": "",
      "property_cache": {},
      "option": []
    }
  },
  {
    "model": "disturbance.masterlistquestion",
    "pk": 13,
    "fields": {
      "name": "",
      "question": "Masterlist question 13",
      "answer_type": "radiobuttons",
      "help_text_url": true,
      "help_text_assessor_url": true,
      "help_text": "<p>Help text for user</p>",
      "help_text_assessor": "<p>Help text for assessor</p>",
      "property_cache": {},
      "option": [
        1,
        2
      ]
    }
  },
  {
    "model": "disturbance.masterlistquestion",
    "pk": 14,
    "fields": {
      "name": "",
      "question": "This is a statement",
      "answer_type": "label",
      "help_text_url": false,
      "help_text_assessor_url": false,
      "help_text": "",
      "help_text_assessor": "",
      "property_cache": {},
      "option": []
    }
  },
  {
    "model": "disturbance.masterlistquestion",
    "pk": 15,
    "fields": {
      "name": "",
      "question": "1.0 Proposal Title",
      "answer_type": "text",
      "help_text_url": true,
      "help_text_assessor_url": false,
      "help_text": "<h1><a id=\"Section0-0\" name=\"Section0-0\"><strong>1.0 Proposal title</strong></a></h1>\r\n\r\n<p>Apply your organisations standard naming conventions for naming documents.</p>\r\n\r\n<p>For example: FPC harvesting operations use a forest block (abbreviation code), compartment number and year (2 digits). For activities conducted in reserves identify gazetted name and reserve number.</p>",
      "help_text_assessor": "",
      "property_cache": {},
      "option": [
        6
      ]
    }
  },
  {
    "model": "disturbance.masterlistquestion",
    "pk": 16,
    "fields": {
      "name": "",
      "question": "1.1 Proposal purpose and description",
      "answer_type": "text",
      "help_text_url": true,
      "help_text_assessor_url": false,
      "help_text": "<h1><strong><a id=\"Section0-1\" name=\"Section0-1\">1.1 Proposal purpose and description</a></strong></h1>\r\n\r\n<p>Provide a clear description of the purpose (objective/s) and need for this proposal.&nbsp; Include a brief overview of proposed works, highlighting any potential areas of concern.</p>\r\n\r\n<p>For timber harvesting the default response is &lsquo;Harvesting timber in accordance with Government legislation and policy&rsquo;.</p>",
      "help_text_assessor": "",
      "property_cache": {},
      "option": [
        9
      ]
    }
  },
  {
    "model": "disturbance.masterlistquestion",
    "pk": 17,
    "fields": {
      "name": "",
      "question": "1.2 In which Local Government Authority (LGA) is this proposal located?",
      "answer_type": "text",
      "help_text_url": true,
      "help_text_assessor_url": false,
      "help_text": "",
      "help_text_assessor": "",
      "property_cache": {},
      "option": [
        3
      ]
    }
  },
  {
    "model": "disturbance.masterlistquestion",
    "pk": 18,
    "fields": {
      "name": "",
      "question": "1.3 Describe where this proposal is located",
      "answer_type": "text",
      "help_text_url": true,
      "help_text_assessor_url": false,
      "help_text": "<h1><a id=\"Section0-3\" name=\"Section0-3\"><strong>1.3 Describe where this proposal is located</strong></a></h1>\r\n\r\n<p>List any other information which may assist in locating the activity, such as nearest road or intersection, locality etc.</p>",
      "help_text_assessor": "",
      "property_cache": {},
      "option": [
        9
      ]
    }
  },
  {
    "model": "disturbance.masterlistquestion",
    "pk": 19,
    "fields": {
      "name": "",
      "question": "1.4 What are the dominant vegetation types and species?",
      "answer_type": "text",
      "help_text_url": true,
      "help_text_assessor_url": false,
      "help_text": "<h1><a id=\"Section0-4\" name=\"Section0-4\"><strong>1.4 What are the dominant vegetation types and species?</strong></a></h1>\r\n\r\n<p>Identify the dominant vegetation type and species.</p>\r\n\r\n<h3><strong><em>Internal GIS data sources (DBCA proponents ONLY)</em></strong></h3>\r\n\r\n<p>GIS Corporate Data Menu:</p>\r\n\r\n<ul>\r\n\t<li>Search &lsquo;Vegetation&rsquo; on DBCAs GIS Corporate Data Menu</li>\r\n</ul>\r\n\r\n<h3><strong><em>External GIS data sources (non-DBCA proponents ONLY)</em></strong></h3>\r\n\r\n<ul>\r\n\t<li>Search&nbsp;&#39; in&nbsp;<u><a href=\"https://data.wa.gov.au/slip\">https://data.wa.gov.au/slip</a></u></li>\r\n</ul>\r\n\r\n<h3><strong><em>References (protocols and webpages, where available)</em></strong></h3>\r\n\r\n<ul>\r\n\t<li>A good&nbsp;overview of vegetation types and species is&nbsp;provided in the Biogeographic subregional reports&nbsp;<u><a href=\"https://www.dpaw.wa.gov.au/about-us/science-and-research/biological-surveys/117-a-biodiversity-audit-of-wa\">Biodiversity-audit-of-wa</a></u>.</li>\r\n</ul>",
      "help_text_assessor": "",
      "property_cache": {},
      "option": [
        9
      ]
    }
  },
  {
    "model": "disturbance.masterlistquestion",
    "pk": 21,
    "fields": {
      "name": "",
      "question": "1.6 What is the planned completion date for this proposal (if known)?",
      "answer_type": "text",
      "help_text_url": true,
      "help_text_assessor_url": false,
      "help_text": "<h1><a id=\"Section0-6\" name=\"Section0-6\"><strong>1.6 What is the planned completion date for this proposal (if known)?</strong></a></h1>\r\n\r\n<p>The date when all sub-activities associated with the proposal are scheduled to be completed, the date all sub-activities have been completed according to Management response and/or actions to remove or minimise impacts and approval conditions. May also be known as the expiry date.</p>",
      "help_text_assessor": "",
      "property_cache": {},
      "option": [
        4
      ]
    }
  },
  {
    "model": "disturbance.masterlistquestion",
    "pk": 24,
    "fields": {
      "name": "",
      "question": "Test radio button",
      "answer_type": "radiobuttons",
      "help_text_url": false,
      "help_text_assessor_url": false,
      "help_text": "",
      "help_text_assessor": "",
      "property_cache": {
        "options": [
          {
            "label": "red",
            "value": 15
          },
          {
            "label": "blue",
            "value": 16
          }
        ]
      },
      "option": []
    }
  },
  {
    "model": "disturbance.masterlistquestion",
    "pk": 25,
    "fields": {
      "name": "",
      "question": "Later Option question",
      "answer_type": "multi-select",
      "help_text_url": false,
      "help_text_assessor_url": false,
      "help_text": "",
      "help_text_assessor": "",
      "property_cache": {
        "options": [
          {
            "label": "1",
            "value": 17
          },
          {
            "label": "2",
            "value": 18
          }
        ]
      },
      "option": []
    }
  },
  {
    "model": "disturbance.masterlistquestion",
    "pk": 26,
    "fields": {
      "name": "",
      "question": "Test No Options",
      "answer_type": "radiobuttons",
      "help_text_url": false,
      "help_text_assessor_url": false,
      "help_text": "",
      "help_text_assessor": "",
      "property_cache": {
        "options": [
          {
            "label": "",
            "value": 14
          }
        ]
      },
      "option": []
    }
  },
  {
    "model": "disturbance.masterlistquestion",
    "pk": 27,
    "fields": {
      "name": "",
      "question": "Proposal Title",
      "answer_type": "text",
      "help_text_url": true,
      "help_text_assessor_url": true,
      "help_text": "Proposal Title Help",
      "help_text_assessor": "",
      "property_cache": {
        "options": []
      },
      "option": []
    }
  },
  {
    "model": "disturbance.masterlistquestion",
    "pk": 28,
    "fields": {
      "name": "",
      "question": "What is the land tenure or classification?",
      "answer_type": "checkbox",
      "help_text_url": false,
      "help_text_assessor_url": false,
      "help_text": "",
      "help_text_assessor": "",
      "property_cache": {
        "options": [
          {
            "label": "National Park",
            "value": 19
          },
          {
            "label": "Nature Reserve",
            "value": 20
          },
          {
            "label": "Conservation Park",
            "value": 21
          },
          {
            "label": "State Forest",
            "value": 22
          },
          {
            "label": "Timber Reserve",
            "value": 23
          },
          {
            "label": "Other CALM Act Reserves e.g. 5(1) (g) or 5(1) (h)",
            "value": 24
          },
          {
            "label": "Regional Park",
            "value": 25
          },
          {
            "label": "Marine Park",
            "value": 26
          },
          {
            "label": "Marine Nature Reserve",
            "value": 27
          },
          {
            "label": "Marine Management Area",
            "value": 28
          },
          {
            "label": "Non-CALM Act Crown Reserve (inc. UCL/UMR)",
            "value": 29
          },
          {
            "label": "CALM Executive Body freehold (e.g. South West plantation lands)",
            "value": 30
          },
          {
            "label": "Crown owned freehold (land owned by WAPC and managed by Parks and Wildlife Service)",
            "value": 31
          },
          {
            "label": "FPC managed plantation (profit a prendre)",
            "value": 32
          },
          {
            "label": "Other",
            "value": 33
          }
        ]
      },
      "option": []
    }
  },
  {
    "model": "disturbance.masterlistquestion",
    "pk": 29,
    "fields": {
      "name": "",
      "question": "Is the proposal compatible with the purpose of the land tenure?",
      "answer_type": "radiobuttons",
      "help_text_url": true,
      "help_text_assessor_url": false,
      "help_text": "https://das-internal.dbca.wa.gov.au/help/disturbance/user/#Section1-1",
      "help_text_assessor": "",
      "property_cache": {
        "options": [
          {
            "label": "",
            "value": 14
          }
        ]
      },
      "option": []
    }
  },
  {
    "model": "disturbance.proposaltypesection",
    "pk": 1,
    "fields": {
      "section_name": "FirstSectionInBurnProposalType",
      "section_label": "First Section in Prescribed Burning",
      "index": 0,
      "proposal_type": 17
    }
  },
  {
    "model": "disturbance.proposaltypesection",
    "pk": 2,
    "fields": {
      "section_name": "SecondSectionInBurnProposalType",
      "section_label": "Second section in Prescribed Burning",
      "index": 1,
      "proposal_type": 17
    }
  },
  {
    "model": "disturbance.proposaltypesection",
    "pk": 3,
    "fields": {
      "section_name": "",
      "section_label": "Third section in Prescribed Burning",
      "index": 2,
      "proposal_type": 17
    }
  },
  {
    "model": "disturbance.proposaltypesection",
    "pk": 4,
    "fields": {
      "section_name": "",
      "section_label": "Fourth Section in Prescribed Burning",
      "index": 3,
      "proposal_type": 17
    }
  },
  {
    "model": "disturbance.proposaltypesection",
    "pk": 5,
    "fields": {
      "section_name": "",
      "section_label": "Fourth Section in Prescribed Burning",
      "index": 0,
      "proposal_type": 12
    }
  },
  {
    "model": "disturbance.proposaltypesection",
    "pk": 6,
    "fields": {
      "section_name": "",
      "section_label": "1. Proposal Summary",
      "index": 1,
      "proposal_type": 12
    }
  },
  {
    "model": "disturbance.proposaltypesection",
    "pk": 7,
    "fields": {
      "section_name": "",
      "section_label": "2. Tenure",
      "index": 2,
      "proposal_type": 12
    }
  },
  {
    "model": "disturbance.proposaltypesection",
    "pk": 8,
    "fields": {
      "section_name": "",
      "section_label": "3. Management",
      "index": 3,
      "proposal_type": 12
    }
  },
  {
    "model": "disturbance.proposaltypesection",
    "pk": 9,
    "fields": {
      "section_name": "",
      "section_label": "4. Biodiversity Conservation",
      "index": 4,
      "proposal_type": 12
    }
  },
  {
    "model": "disturbance.proposaltypesection",
    "pk": 12,
    "fields": {
      "section_name": "",
      "section_label": "7. Productive Capacity",
      "index": 7,
      "proposal_type": 12
    }
  },
  {
    "model": "disturbance.proposaltypesection",
    "pk": 13,
    "fields": {
      "section_name": "",
      "section_label": "8. Heritage and Socio-Economic",
      "index": 8,
      "proposal_type": 12
    }
  },
  {
    "model": "disturbance.proposaltypesection",
    "pk": 14,
    "fields": {
      "section_name": "",
      "section_label": "9. Final",
      "index": 9,
      "proposal_type": 12
    }
  },
  {
    "model": "disturbance.sectionquestion",
    "pk": 1,
    "fields": {
      "section": 1,
      "question": 1,
      "parent_question": null,
      "parent_answer": null,
      "tag": "",
      "order": 1,
      "property_cache": {}
    }
  },
  {
    "model": "disturbance.sectionquestion",
    "pk": 9,
    "fields": {
      "section": 2,
      "question": 2,
      "parent_question": null,
      "parent_answer": null,
      "tag": "",
      "order": 1,
      "property_cache": {}
    }
  },
  {
    "model": "disturbance.sectionquestion",
    "pk": 10,
    "fields": {
      "section": 2,
      "question": 3,
      "parent_question": null,
      "parent_answer": null,
      "tag": "",
      "order": 2,
      "property_cache": {}
    }
  },
  {
    "model": "disturbance.sectionquestion",
    "pk": 11,
    "fields": {
      "section": 2,
      "question": 6,
      "parent_question": null,
      "parent_answer": null,
      "tag": "",
      "order": 3,
      "property_cache": {}
    }
  },
  {
    "model": "disturbance.sectionquestion",
    "pk": 12,
    "fields": {
      "section": 3,
      "question": 10,
      "parent_question": null,
      "parent_answer": null,
      "tag": "",
      "order": 0,
      "property_cache": {}
    }
  },
  {
    "model": "disturbance.sectionquestion",
    "pk": 15,
    "fields": {
      "section": 3,
      "question": 8,
      "parent_question": 11,
      "parent_answer": 1,
      "tag": "",
      "order": 2,
      "property_cache": {}
    }
  },
  {
    "model": "disturbance.sectionquestion",
    "pk": 16,
    "fields": {
      "section": 3,
      "question": 11,
      "parent_question": 10,
      "parent_answer": 7,
      "tag": "",
      "order": 1,
      "property_cache": {}
    }
  },
  {
    "model": "disturbance.sectionquestion",
    "pk": 18,
    "fields": {
      "section": 3,
      "question": 1,
      "parent_question": 11,
      "parent_answer": 1,
      "tag": "isCopiedToPermit,isRequired,canBeEditedByAssessor",
      "order": 1,
      "property_cache": {}
    }
  },
  {
    "model": "disturbance.sectionquestion",
    "pk": 21,
    "fields": {
      "section": 4,
      "question": 1,
      "parent_question": null,
      "parent_answer": null,
      "tag": "",
      "order": 1,
      "property_cache": {}
    }
  },
  {
    "model": "disturbance.sectionquestion",
    "pk": 22,
    "fields": {
      "section": 4,
      "question": 2,
      "parent_question": null,
      "parent_answer": null,
      "tag": "",
      "order": 2,
      "property_cache": {}
    }
  },
  {
    "model": "disturbance.sectionquestion",
    "pk": 23,
    "fields": {
      "section": 4,
      "question": 10,
      "parent_question": 2,
      "parent_answer": 1,
      "tag": "",
      "order": 3,
      "property_cache": {}
    }
  },
  {
    "model": "disturbance.sectionquestion",
    "pk": 24,
    "fields": {
      "section": 4,
      "question": 13,
      "parent_question": 10,
      "parent_answer": 6,
      "tag": "",
      "order": 1,
      "property_cache": {}
    }
  },
  {
    "model": "disturbance.sectionquestion",
    "pk": 25,
    "fields": {
      "section": 1,
      "question": 13,
      "parent_question": null,
      "parent_answer": null,
      "tag": "",
      "order": 2,
      "property_cache": {}
    }
  },
  {
    "model": "disturbance.sectionquestion",
    "pk": 26,
    "fields": {
      "section": 4,
      "question": 13,
      "parent_question": 10,
      "parent_answer": 7,
      "tag": "",
      "order": 1,
      "property_cache": {}
    }
  },
  {
    "model": "disturbance.sectionquestion",
    "pk": 27,
    "fields": {
      "section": 4,
      "question": 14,
      "parent_question": 10,
      "parent_answer": 7,
      "tag": "",
      "order": 2,
      "property_cache": {}
    }
  },
  {
    "model": "disturbance.sectionquestion",
    "pk": 28,
    "fields": {
      "section": 6,
      "question": 15,
      "parent_question": null,
      "parent_answer": null,
      "tag": "isRequired",
      "order": 1,
      "property_cache": {}
    }
  },
  {
    "model": "disturbance.sectionquestion",
    "pk": 29,
    "fields": {
      "section": 6,
      "question": 16,
      "parent_question": null,
      "parent_answer": null,
      "tag": "isRequired",
      "order": 2,
      "property_cache": {}
    }
  },
  {
    "model": "disturbance.sectionquestion",
    "pk": 30,
    "fields": {
      "section": 6,
      "question": 17,
      "parent_question": null,
      "parent_answer": null,
      "tag": "isRequired",
      "order": 3,
      "property_cache": {}
    }
  },
  {
    "model": "disturbance.sectionquestion",
    "pk": 33,
    "fields": {
      "section": 2,
      "question": 24,
      "parent_question": null,
      "parent_answer": null,
      "tag": "",
      "order": 0,
      "property_cache": {
        "options": [
          {
            "label": "red",
            "value": 15
          },
          {
            "label": "blue",
            "value": 16
          }
        ]
      }
    }
  },
  {
    "model": "disturbance.sectionquestion",
    "pk": 34,
    "fields": {
      "section": 6,
      "question": 18,
      "parent_question": null,
      "parent_answer": null,
      "tag": "",
      "order": 4,
      "property_cache": {
        "options": []
      }
    }
  },
  {
    "model": "disturbance.sectionquestion",
    "pk": 35,
    "fields": {
      "section": 7,
      "question": 28,
      "parent_question": null,
      "parent_answer": null,
      "tag": "",
      "order": 0,
      "property_cache": {
        "options": [
          {
            "label": "National Park",
            "value": 19
          },
          {
            "label": "Nature Reserve",
            "value": 20
          },
          {
            "label": "Conservation Park",
            "value": 21
          },
          {
            "label": "State Forest",
            "value": 22
          },
          {
            "label": "Timber Reserve",
            "value": 23
          },
          {
            "label": "Other CALM Act Reserves e.g. 5(1) (g) or 5(1) (h)",
            "value": 24
          },
          {
            "label": "Regional Park",
            "value": 25
          },
          {
            "label": "Marine Park",
            "value": 26
          },
          {
            "label": "Marine Nature Reserve",
            "value": 27
          },
          {
            "label": "Marine Management Area",
            "value": 28
          },
          {
            "label": "Non-CALM Act Crown Reserve (inc. UCL/UMR)",
            "value": 29
          },
          {
            "label": "CALM Executive Body freehold (e.g. South West plantation lands)",
            "value": 30
          },
          {
            "label": "Crown owned freehold (land owned by WAPC and managed by Parks and Wildlife Service)",
            "value": 31
          },
          {
            "label": "FPC managed plantation (profit a prendre)",
            "value": 32
          },
          {
            "label": "Other",
            "value": 33
          }
        ]
      }
    }
  }
]
